{
    "suneo": {
        "nombre": "Sistema de Universidades Estatales de Oaxaca",
        "clave": "20DPG-200",
        "universidades": [
            {
                "abreviatura": "UNSIS",
                "nombre": "Universidad de la Sierra Sur",
                "rector": "Dr. Modesto Seara Vazquez",
                "vicea": "M.E.C. Sandra Karina Ramírez Vásquez",
                "vicead": "L.C.E. Erick Alexis Ochoa Valencia",
                "direccion": "Calle Guillermo Rojas Mijangos S/N, Esq. Av. Universidad Col. Ciudad Universitaria, Miahuatlan de Porfirio Diaz, Oax., Mexico C.P. 70800",
                "carreras": [
                    {
                        "nombre": "Informática",
                        "duracion": 5,
                        "titulacion": [
                            "Tesis",
                            "CENEVAL"
                        ],
                        "jefe": "Dr. Jesús Cruz Ahuactzi",
                        "activa": "Activa",
                        "semestre": [
                            {
                                "nombre": "Primer Semestre",
                                "materia": [
                                    "Diseno Estructurado de Algoritmos",
                                    "Administracion",
                                    "Logica Matematica",
                                    "Historia del Pensamiento Filosofico",
                                    "Matematicas I"
                                ]
                            },
                            {
                                "nombre": "Segundo Semestre",
                                "materia": [
                                    "Programacion Estructurada",
                                    "Electronica I",
                                    "Matematicas Discretas",
                                    "Teoria General de Sistemas",
                                    "Matematicas II"
                                ]
                            },
                            {
                                "nombre": "Tercero Semestre",
                                "materia": [
                                    "Estructuras de Datos",
                                    "Electronica II",
                                    "Derecho y Legislacion en Informatica",
                                    "Contabilidad",
                                    "algebra Lineal"
                                ]
                            },
                            {
                                "nombre": "Cuarto Semestre",
                                "materia": [
                                    "Paradigmas de Programacion I",
                                    "Disenio Web",
                                    "Bases de Datos I",
                                    "Programacion de Sistemas",
                                    "Metodos Numericos"
                                ]
                            },
                            {
                                "nombre": "Quinto Semestre",
                                "materia": [
                                    "Paradigmas de Programacion II",
                                    "Ingenieria de Software I",
                                    "Bases de Datos II",
                                    "Arquitectura de Computadoras",
                                    "Redes I"
                                ]
                            },
                            {
                                "nombre": "Sexto Semestre",
                                "materia": [
                                    "Tecnologias Web I",
                                    "Ingenieria de Software II",
                                    "Programacion Visual",
                                    "Sistemas Operativos I",
                                    "Redes II"
                                ]
                            },
                            {
                                "nombre": "Séptimo Semestre",
                                "materia": [
                                    "Tecnologias Web II",
                                    "Proyectos de Tecnologias de Informacion",
                                    "Bases de Datos Distribuidas",
                                    "Sistemas Operativos II",
                                    "Estadistica"
                                ]
                            },
                            {
                                "nombre": "Ocato Semestre",
                                "materia": [
                                    "Sistemas Distribuidos",
                                    "Calidad de Software",
                                    "Interaccion Humano Computadora",
                                    "Organizacion de Centros de Informatica",
                                    "Investigacion de Operaciones"
                                ]
                            },
                            {
                                "nombre": "Noveno Semestre",
                                "materia": [
                                    "Metodologia de la Investigacion",
                                    "Seguridad de Centros de Informatica",
                                    "Teoria de Algoritmos",
                                    "Optativa 1",
                                    "Optativa 2"
                                ]
                            },
                            {
                                "nombre": "Décimo Semestre",
                                "materia": [
                                    "Seminario de Tesis",
                                    "Auditoroa de Sistemas",
                                    "Funcion Informatica",
                                    "Optativa 3",
                                    "Optativa 4"
                                ]
                            }
                        ]
                    }
                ],
                "posgrado": [
                    {
                        "nombre": "Maestria en Administracion Universitaria",
                        "duracion": 2,
                        "titulacion": [
                            "Tesis"
                        ],
                        "jefe": "",
                        "activa": "Activa",
                        "semestre": [
                            {
                                "nombre": "Primer Semestre",
                                "materia": [
                                    "El concepto de Universidad",
                                    "Historia de la Universidad",
                                    "Principios basicos de una Universidad",
                                    "Funciones de la Universidad"
                                ]
                            },
                            {
                                "nombre": "Segundo Semestre",
                                "materia": [
                                    "Planeacion estrategica",
                                    "Dimension administrativa",
                                    "El campus",
                                    "Investigacion cientifica"
                                ]
                            },
                            {
                                "nombre": "Tercero Semestre",
                                "materia": [
                                    "Dimension academica",
                                    "Profesores y estudiantes",
                                    "Difucion cultural",
                                    "Seminaro de investigacion I"
                                ]
                            },
                            {
                                "nombre": "Cuarto Semestre",
                                "materia": [
                                    "Nuevas tecnologias para la educacion",
                                    "Modelo universitario del SUNEO",
                                    "Promocion del Desarrollo",
                                    "Seminario de investigacion II"
                                ]
                            }
                        ]
                    }
                ],
                "investigadores": [
                    {
                        "nombre": "Instituto de Informatica",
                        "profesores": [
                            "Dr. Arisai Dario Barragan Lopez",
                            "Dr. Jose J. Hernandez Barriga",
                            "Dr. Amando Alejandro Ruiz Figueroa",
                            "Dr. Sergio Rafael Coria Olguin",
                            "Dr. Jesus Cruz Ahuactzi",
                            "Dr. Victor Alberto Gomez Perez",
                            "Dra. Aidee Cruz Barragan",
                            "Dr. Arturo Benitez Hernandez",
                            "M.C.C. Lirio Ruiz Guerra",
                            "M.C.M. Jesus Pacheco Mendoza",
                            "M.C. Enrique Garcia Reyes",
                            "M.C. Teresita de J. Mijangos Martinez",
                            "M.C. Monica Perez Meza",
                            "M.C.M. Oscar Cuauhtemoc Esperanza Contreras",
                            "M.I.T.I. Oswaldo Rey Avila Barron",
                            "M.C.A.C. Alejandro Jarillo Silva",
                            "M.C.A.C. Jose Alberto Cruz Tolentino",
                            "M.T.E. Everardo de Jesus Pacheco Antonio",
                            "M.C.C. Silviana Juarez Chalini",
                            "M.T.C.A. Rolando Pedro Gabriel",
                            "M.C.C. Eric Melecio Castro Leal"
                        ]
                    },
                    {
                        "nombre": "Instituto de Nutricion",
                        "profesores": [
                            "Dra. Roxana Grisel Casarez Santiago",
                            "Dr. Melecio Honorio Juarez Perez",
                            "Dr. Sergio Alberto Ramirez Garcia",
                            "Dra. Claudia Chavez Lopez",
                            "Dra. Sabina Lopez Toledo",
                            "M.C. Fatima Araceli Ramirez Caballero",
                            "M.C.B. Araceli Meneses Corona",
                            "M.S.P. Carlos Jonnathan Castro Juarez",
                            "M.C.A. Laura Jocelyn Valdez Gutierrez",
                            "M.C. Andrea Itayetzzi Ortiz Garcia",
                            "M.N.C. Lizett Medina Briseno",
                            "M.C.S. Olaf Montes de Oca Juarez",
                            "L.N. Cesar Juarez Duran"
                        ]
                    },
                    {
                        "nombre": "Instituto de Estudios Municipales",
                        "profesores": [
                            "Dr. Horacio Gonzalez Perez",
                            "Dra. Aurea Arellano Cruz",
                            "Dr. Roberto Garcia Zuniga",
                            "Dra. Felicitas Ortiz Garcia",
                            "Dr. Mauricio Sosa Montes",
                            "Dra. Reyna Minerva Hernandez Vasquez",
                            "Dr. Pedro Duran Ferman",
                            "Dra. Luz Maria Garcia Garcia",
                            "Dr. Ramon Inzunza Acosta",
                            "Dr. Omar Avila Flores",
                            "Dr. Jose Rudier Lopez Hernandez",
                            "M.A. Aurelia Gomez Gomez",
                            "M.C.P.E.D.R. Marco Antonio Santos Martinez",
                            "M.C.P.E.D.R. Elsa Apolonia Mendoza Cortes",
                            "M.I.A.C. Hadya Concepcion Diaz Ortiz",
                            "M.F. Maximo Jorge Saavedra Garcia",
                            "M.A.P. Diego Toto Jimenez",
                            "M.E. Jorge Lamas Carlos",
                            "M.E. Benito Guizado Hernandez",
                            "M.F. Araceli Luz Alva Rodriguez Martinez",
                            "M.A.E. Enrique Martinez Sanchez",
                            "M.A. Epifania Sanchez Hernandez",
                            "M.P.P. Juan Carlos Mata Espinoza",
                            "M.C.D.R.T. Lizeth Daniza Gomez Hernandez",
                            "M.G. Gloria Stella Ramirez Ospitia",
                            "M.C.D.R.T. Victor Santiago Sarmiento",
                            "M.E.O. Mariano Olvera Ramirez",
                            "M.C.S. Rosario Maya Lucas",
                            "M.C.P. Rocio Guadalupe Bravo Salazar",
                            "M.C.P. Joann Etienne Olivier Picard",
                            "M.I. Fabiola Crespo Barrios",
                            "M.C.S. Nina Martinez Cruz",
                            "M.D.I.P. Oscar Jesse Rojas Ortiz",
                            "M.A.I.A. Abisai Aragon Cruz",
                            "M.E.M. Alicia Martinez Cruz",
                            "M.P.E.M. Emanuel Lorenzo Ramirez Arellanes",
                            "L.C. Zayra Trujillo Baez",
                            "Ing. Eleazar Brena Garcia"
                        ]
                    },
                    {
                        "nombre": "Instituto de Investigacion sobre la Salud Publica",
                        "profesores": [
                            "Dra. Araceli Hernandez Flores",
                            "Dr. Abisai Martinez Sanchez",
                            "Dr. Samuel Sanchez Hernandez",
                            "Dra. Veronica Marilu Brena Ramos",
                            "Dra. Elizabeth Munoz Ortiz",
                            "Dr. Gerardo Roberto Aragon Gonzalez",
                            "Dra. Roxana Nayeli Guerrero Sotelo",
                            "Dra. Lilian Arzeta Pino",
                            "Dra. Adriana Gonzalez Martinez",
                            "M.A. Francisco Ramiro Ordaz Zurita",
                            "M.C.C.A.R.B. Guilibaldo Gabriel Zurita Vasquez",
                            "M.C. Horacio Duque Bautista",
                            "M.C.E. Ignacio Grajales Alonso",
                            "M.S.P. Gloria Veronica Alba Alba",
                            "M.D. Elizabeth Cortes Bohorquez",
                            "M.C.E.E.U. Concepcion Maritza Jarquin Olivera",
                            "M.C.I.B. Ericay Berenice Martinez Ramos",
                            "M.R.N. Laura Isabel Hernandez Arzola",
                            "M.A.S. Ana Carla Reyes Soriano",
                            "M.R.N. Lisbeht Amaro Lopez",
                            "M.R.N. Pedro Luis Hernandez Gonzalez",
                            "M.C.E. Luis Miguel Marquez Valdez",
                            "M.C.E. Douglas Crittenden Nance",
                            "M.D.P.I. Victor Hugo Perez Cruz",
                            "M.S.P. Pablo Cataneo Perez",
                            "M.E.S. Adriana Zuniga Jimenez",
                            "M.E. Jose Alberto Ramirez Rodriguez",
                            "M.S.P. Maleni Rodriguez Garcia",
                            "M.S.P. Jose Eduardo Orellana Centeno",
                            "M.T.H.E.Q. Margarita Selene Aragon Sierra",
                            "M.C.Q.B. David Gomez Martinez",
                            "M.A.H.S.S. Erica Rocio Gaspar Sanchez",
                            "M.T.F. Laura Gabriela Lopez Alvarez",
                            "M.S.P. Adrian Gabriel Delgado Lara",
                            "E.E.P. Rossell Perla Stockett Hernandez",
                            "E.O. Guadalupe Carlos Ogarrio Ramirez",
                            "E.E.U. Rolando Emilio Martinez Juarez",
                            "E.P.P. Ana Cecilia Ortega Delgado",
                            "E.A.P. Jorge Carlos Moguel Gamboa",
                            "Med. Gabriel Rosas Gonzalez",
                            "Med. Jose Guadalupe Reyes Ramirez",
                            "Med. Guadalupe Ithalivi Olivera Dominguez",
                            "Med. Anely Gutierrez Bustamante",
                            "Med. Heiser Zeus Gallego Lopez",
                            "L.E. Carmela Cortez Gonsalez",
                            "L.E. Eliseo Gabriel Jimenez Cortes",
                            "L.E. Yarely Yaneth Zurita Lopez",
                            "L.E. Amalia Hernandez Blas",
                            "L.E. Gisela Mayra Bustamante Ramos",
                            "C.D. Mauricio Gonzalez Osorio",
                            "L.E. Silvia Mercedes Coca",
                            "L.E. Veronica Garcia Brena",
                            "C.D. Javier Lopez Reyes"
                        ]
                    },
                    {
                        "nombre": "Division de Estudios de Postgrado",
                        "profesores": [
                            "Dr. Arturo Cesar Lopez Garcia",
                            "Dr. Oscar David Valencia Lopez",
                            "Dra. Socorro Moyado Flores",
                            "Dr. Joselito Fernandez Tapia",
                            "Dra. Maria Guadalupe Temores Alcantara",
                            "Dr. Guadalupe Gabriel Duran Ferman",
                            "Dr. Christian Arturo Cruz Melendez",
                            "Dra. Ruth Ana Maria Gozalez Villoria",
                            "Dra. Maria Alejandra Sanchez Bandala",
                            "Dra. Deisy Coromoto Rebolledo Lopez",
                            "Dr. Roberto Ariel Abeldano Zuniga",
                            "Dr. Diego Soto Hernandez",
                            "Dr. Hady Keita",
                            "Dr. Joaquin Huitzilihuitl Camacho Vera",
                            "M.G.P. Rafael Renteria Gaeta",
                            "M.G.P. Daniel Robles Torres"
                        ]
                    },
                    {
                        "nombre": "Instituto de Idiomas",
                        "profesores": [
                            "M.L. Emily Mei-Lin Letcher",
                            "Lic. Brieden Coy Marriott",
                            "M.P.U. Robert Warren Ferguson",
                            "M.N.I. Eviano Floyd George-Akoke",
                            "Lic. Kerri Lynn Bramstedt",
                            "Lic. Sarah Katharine Murphy",
                            "Lic. Farren Marc Gabriel",
                            "Lic. Darla Marie Greystone",
                            "Lic. Daisy Gutierrez"
                        ]
                    }
                ]
            }
        ]
    }
}