﻿<?xml version="1.0" encoding="UTF-8"?>
<?xml-stylesheet href="estilo.css"  title="Estilo"?>
<animales_vertebrados>
  <nombre>
  <especie>Mamiferos</especie>
    <cuerpo>Pelos*</cuerpo>
    <respiracion>Pulmones</respiracion>
    <extremidades>Patas*</extremidades>
    <desplazamiento>Caminan*</desplazamiento>
    <reproduccion>Vivíparos</reproduccion>
    <habitat>Tierra*</habitat>
  </nombre>
  <nombre>
    <especie>Peces</especie>
    <cuerpo>Escamas</cuerpo>
    <respiracion>Branquias</respiracion>
    <extremidades>Aletas</extremidades>
    <desplazamiento>Nadan</desplazamiento>
    <reproduccion>Ovíparos</reproduccion>
    <habitat>Agua</habitat>
</nombre>
<nombre>
    <especie>Peces</especie>
    <cuerpo>Plumas</cuerpo>
    <respiracion>Pulmones</respiracion>
    <extremidades>Alas y Patas</extremidades>
    <desplazamiento>Vuelan</desplazamiento>
    <reproduccion>Ovíparos</reproduccion>
    <habitat>Tierra</habitat>
</nombre>
<nombre>
    <especie>Reptiles</especie>
    <cuerpo>Escamas</cuerpo>
    <respiracion>Pulmones</respiracion>
    <extremidades>Patas o No tienen </extremidades>
    <desplazamiento>Reptan o Caminan</desplazamiento>
    <reproduccion>Ovíparo</reproduccion>
    <habitat>Tierra</habitat>
</nombre>
</animales_vertebrados>